-- phpMyAdmin SQL Dump
-- version 3.5.2.2
-- http://www.phpmyadmin.net
--
-- Host: 127.0.0.1
-- Generation Time: Jan 17, 2013 at 10:08 AM
-- Server version: 5.5.27
-- PHP Version: 5.4.7

SET SQL_MODE="NO_AUTO_VALUE_ON_ZERO";
SET time_zone = "+00:00";


/*!40101 SET @OLD_CHARACTER_SET_CLIENT=@@CHARACTER_SET_CLIENT */;
/*!40101 SET @OLD_CHARACTER_SET_RESULTS=@@CHARACTER_SET_RESULTS */;
/*!40101 SET @OLD_COLLATION_CONNECTION=@@COLLATION_CONNECTION */;
/*!40101 SET NAMES utf8 */;

--
-- Database: `assignment_wizard`
--

-- --------------------------------------------------------

--
-- Table structure for table `assessment_documentation`
--

CREATE TABLE IF NOT EXISTS `assessment_documentation` (
  `id` int(11) unsigned NOT NULL AUTO_INCREMENT,
  `created` datetime NOT NULL,
  `updated` datetime DEFAULT NULL,
  `assessment_id` int(10) unsigned NOT NULL,
  `title` text COLLATE utf8_bin,
  `brief_text` longtext COLLATE utf8_bin,
  `submission_guidelines` longtext COLLATE utf8_bin,
  `status` enum('open','complete','approved','removed','superceded') COLLATE utf8_bin NOT NULL DEFAULT 'open',
  PRIMARY KEY (`id`),
  KEY `assessment_instance_id` (`assessment_id`)
) ENGINE=InnoDB  DEFAULT CHARSET=utf8 COLLATE=utf8_bin AUTO_INCREMENT=35 ;

--
-- Dumping data for table `assessment_documentation`
--

INSERT INTO `assessment_documentation` (`id`, `created`, `updated`, `assessment_id`, `title`, `brief_text`, `submission_guidelines`, `status`) VALUES
(1, '2013-01-15 15:00:38', '2013-01-16 10:57:45', 1, 0x46697273742074657374, 0x54657374207465737420746573742e20576f6f7020776f6f7020746573742e, 0x3c703e54686520646561646c696e6520666f72207375626d697373696f6e206f66207468697320776f726b20697320696e636c7564656420696e20746865207363686f6f6c207375626d697373696f6e20646174657320666f72206173736573736d656e74732c20617661696c61626c65206f6e20426c61636b626f6172642e3c2f703e0d0a0d0a3c703e596f75206d757374206d616b6520616e20656c656374726f6e6963207375626d697373696f6e206f6620796f757220776f726b206279207573696e6720746865206173736573736d656e74206c696e6b206f6e20426c61636b626f61726420666f72207468697320636f6d706f6e656e742e20596f7572207265706f72742073686f756c64206265207375626d697474656420696e202e70646620666f726d61742e20496620796f75206861766520616e79207175657374696f6e732061626f757420746865207375626d697373696f6e2c20706c6561736520636f6e7461637420746865206d6f64756c6520636f6f7264696e61746f7220666f7220636c6172696669636174696f6e2e3c2f703e0d0a0d0a3c703e3c7374726f6e673e444f204e4f543c2f7374726f6e673e20696e636c7564652074686973206272696566696e6720646f63756d656e74207769746820796f7572207375626d697373696f6e2e3c2f703e, 'superceded'),
(2, '2013-01-15 15:21:40', '2013-01-16 10:57:45', 1, 0x46697273742074657374, 0x54657374207465737420746573742e20576f6f7020776f6f7020746573742e, 0x3c703e54686520646561646c696e6520666f72207375626d697373696f6e206f66207468697320776f726b20697320696e636c7564656420696e20746865207363686f6f6c207375626d697373696f6e20646174657320666f72206173736573736d656e74732c20617661696c61626c65206f6e20426c61636b626f6172642e3c2f703e0d0a0d0a3c703e596f75206d757374206d616b6520616e20656c656374726f6e6963207375626d697373696f6e206f6620796f757220776f726b206279207573696e6720746865206173736573736d656e74206c696e6b206f6e20426c61636b626f61726420666f72207468697320636f6d706f6e656e742e20596f7572207265706f72742073686f756c64206265207375626d697474656420696e202e70646620666f726d61742e20496620796f75206861766520616e79207175657374696f6e732061626f757420746865207375626d697373696f6e2c20706c6561736520636f6e7461637420746865206d6f64756c6520636f6f7264696e61746f7220666f7220636c6172696669636174696f6e2e3c2f703e0d0a0d0a3c703e3c7374726f6e673e444f204e4f543c2f7374726f6e673e20696e636c7564652074686973206272696566696e6720646f63756d656e74207769746820796f7572207375626d697373696f6e2e3c2f703e, 'superceded'),
(3, '2013-01-15 15:22:02', '2013-01-16 10:57:45', 1, 0x46697273742074657374, 0x54657374207465737420746573742e20576f6f7020776f6f7020746573742e, 0x3c703e54686520646561646c696e6520666f72207375626d697373696f6e206f66207468697320776f726b20697320696e636c7564656420696e20746865207363686f6f6c207375626d697373696f6e20646174657320666f72206173736573736d656e74732c20617661696c61626c65206f6e20426c61636b626f6172642e3c2f703e0d0a0d0a3c703e596f75206d757374206d616b6520616e20656c656374726f6e6963207375626d697373696f6e206f6620796f757220776f726b206279207573696e6720746865206173736573736d656e74206c696e6b206f6e20426c61636b626f61726420666f72207468697320636f6d706f6e656e742e20596f7572207265706f72742073686f756c64206265207375626d697474656420696e202e70646620666f726d61742e20496620796f75206861766520616e79207175657374696f6e732061626f757420746865207375626d697373696f6e2c20706c6561736520636f6e7461637420746865206d6f64756c6520636f6f7264696e61746f7220666f7220636c6172696669636174696f6e2e3c2f703e0d0a0d0a3c703e3c7374726f6e673e444f204e4f543c2f7374726f6e673e20696e636c7564652074686973206272696566696e6720646f63756d656e74207769746820796f7572207375626d697373696f6e2e3c2f703e, 'superceded'),
(4, '2013-01-15 15:32:35', '2013-01-16 10:57:45', 1, 0x46697273742074657374, 0x54657374207465737420746573742e20576f6f7020776f6f7020746573742e, 0x3c703e54686520646561646c696e6520666f72207375626d697373696f6e206f66207468697320776f726b20697320696e636c7564656420696e20746865207363686f6f6c207375626d697373696f6e20646174657320666f72206173736573736d656e74732c20617661696c61626c65206f6e20426c61636b626f6172642e3c2f703e0d0a0d0a3c703e596f75206d757374206d616b6520616e20656c656374726f6e6963207375626d697373696f6e206f6620796f757220776f726b206279207573696e6720746865206173736573736d656e74206c696e6b206f6e20426c61636b626f61726420666f72207468697320636f6d706f6e656e742e20596f7572207265706f72742073686f756c64206265207375626d697474656420696e202e70646620666f726d61742e20496620796f75206861766520616e79207175657374696f6e732061626f757420746865207375626d697373696f6e2c20706c6561736520636f6e7461637420746865206d6f64756c6520636f6f7264696e61746f7220666f7220636c6172696669636174696f6e2e3c2f703e0d0a0d0a3c703e3c7374726f6e673e444f204e4f543c2f7374726f6e673e20696e636c7564652074686973206272696566696e6720646f63756d656e74207769746820796f7572207375626d697373696f6e2e3c2f703e, 'superceded'),
(5, '2013-01-15 15:54:39', '2013-01-16 10:57:45', 1, 0x46697273742074657374, 0x54657374207465737420746573742e20576f6f7020776f6f7020746573742e, 0x3c703e54686520646561646c696e6520666f72207375626d697373696f6e206f66207468697320776f726b20697320696e636c7564656420696e20746865207363686f6f6c207375626d697373696f6e20646174657320666f72206173736573736d656e74732c20617661696c61626c65206f6e20426c61636b626f6172642e3c2f703e0d0a0d0a3c703e596f75206d757374206d616b6520616e20656c656374726f6e6963207375626d697373696f6e206f6620796f757220776f726b206279207573696e6720746865206173736573736d656e74206c696e6b206f6e20426c61636b626f61726420666f72207468697320636f6d706f6e656e742e20596f7572207265706f72742073686f756c64206265207375626d697474656420696e202e70646620666f726d61742e20496620796f75206861766520616e79207175657374696f6e732061626f757420746865207375626d697373696f6e2c20706c6561736520636f6e7461637420746865206d6f64756c6520636f6f7264696e61746f7220666f7220636c6172696669636174696f6e2e3c2f703e0d0a0d0a3c703e3c7374726f6e673e444f204e4f543c2f7374726f6e673e20696e636c7564652074686973206272696566696e6720646f63756d656e74207769746820796f7572207375626d697373696f6e2e3c2f703e, 'superceded'),
(6, '2013-01-15 15:55:11', '2013-01-16 10:57:45', 1, 0x46697273742074657374, 0x54657374207465737420746573742e20576f6f7020776f6f7020746573742e, 0x3c703e54686520646561646c696e6520666f72207375626d697373696f6e206f66207468697320776f726b20697320696e636c7564656420696e20746865207363686f6f6c207375626d697373696f6e20646174657320666f72206173736573736d656e74732c20617661696c61626c65206f6e20426c61636b626f6172642e3c2f703e0d0a0d0a3c703e596f75206d757374206d616b6520616e20656c656374726f6e6963207375626d697373696f6e206f6620796f757220776f726b206279207573696e6720746865206173736573736d656e74206c696e6b206f6e20426c61636b626f61726420666f72207468697320636f6d706f6e656e742e20596f7572207265706f72742073686f756c64206265207375626d697474656420696e202e70646620666f726d61742e20496620796f75206861766520616e79207175657374696f6e732061626f757420746865207375626d697373696f6e2c20706c6561736520636f6e7461637420746865206d6f64756c6520636f6f7264696e61746f7220666f7220636c6172696669636174696f6e2e3c2f703e0d0a0d0a3c703e3c7374726f6e673e444f204e4f543c2f7374726f6e673e20696e636c7564652074686973206272696566696e6720646f63756d656e74207769746820796f7572207375626d697373696f6e2e3c2f703e, 'superceded'),
(7, '2013-01-15 16:10:42', '2013-01-17 07:51:51', 13, 0x476f6f6f6f6f6f6f64206576656e696e6721, 0x3c703e54686973207468697320746869732074686973207468697320746869732074686973207468697320746869732074686973207468697320746869732074686973207468697320746869732074686973207468697320746869732e3c2f703e0d0a3c703e54686973207468697320746869732074686973207468697320746869732074686973207468697320746869732074686973207468697320746869732074686973207468697320746869732074686973207468697320746869732e3c2f703e0d0a3c703e54686973207468697320746869732074686973207468697320746869732074686973207468697320746869732074686973207468697320746869732074686973207468697320746869732074686973207468697320746869732e3c2f703e0d0a3c703e54686973207468697320746869732074686973207468697320746869732074686973207468697320746869732074686973207468697320746869732074686973207468697320746869732074686973207468697320746869732e3c2f703e0d0a3c703e54686973207468697320746869732074686973207468697320746869732074686973207468697320746869732074686973207468697320746869732074686973207468697320746869732074686973207468697320746869732e3c2f703e0d0a3c703e54686973207468697320746869732074686973207468697320746869732074686973207468697320746869732074686973207468697320746869732074686973207468697320746869732074686973207468697320746869732e3c2f703e0d0a3c703e54686973207468697320746869732074686973207468697320746869732074686973207468697320746869732074686973207468697320746869732074686973207468697320746869732074686973207468697320746869732e3c2f703e0d0a3c703e54686973207468697320746869732074686973207468697320746869732074686973207468697320746869732074686973207468697320746869732074686973207468697320746869732074686973207468697320746869732e3c2f703e0d0a3c703e54686973207468697320746869732074686973207468697320746869732074686973207468697320746869732074686973207468697320746869732074686973207468697320746869732074686973207468697320746869732e3c2f703e0d0a3c703e54686973207468697320746869732074686973207468697320746869732074686973207468697320746869732074686973207468697320746869732074686973207468697320746869732074686973207468697320746869732e3c2f703e0d0a3c703e54686973207468697320746869732074686973207468697320746869732074686973207468697320746869732074686973207468697320746869732074686973207468697320746869732074686973207468697320746869732e3c2f703e0d0a, 0x3c703e54686520646561646c696e6520666f72207375626d697373696f6e206f66207468697320776f726b20697320696e636c7564656420696e20746865207363686f6f6c207375626d697373696f6e20646174657320666f72206173736573736d656e74732c20617661696c61626c65206f6e20426c61636b626f6172642e3c2f703e0d0a0d0a3c703e596f75206d757374206d616b6520616e20656c656374726f6e6963207375626d697373696f6e206f6620796f757220776f726b206279207573696e6720746865206173736573736d656e74206c696e6b206f6e20426c61636b626f61726420666f72207468697320636f6d706f6e656e742e20596f7572207265706f72742073686f756c64206265207375626d697474656420696e202e70646620666f726d61742e20496620796f75206861766520616e79207175657374696f6e732061626f757420746865207375626d697373696f6e2c20706c6561736520636f6e7461637420746865206d6f64756c6520636f6f7264696e61746f7220666f7220636c6172696669636174696f6e2e3c2f703e0d0a0d0a3c703e3c7374726f6e673e444f204e4f543c2f7374726f6e673e20696e636c7564652074686973206272696566696e6720646f63756d656e74207769746820796f7572207375626d697373696f6e2e3c2f703e, 'superceded'),
(8, '2013-01-15 16:14:49', '2013-01-17 07:51:51', 13, 0x476f6f6f6f6f6f6f64206576656e696e6721, 0x3c703e54686973207468697320746869732074686973207468697320746869732074686973207468697320746869732074686973207468697320746869732074686973207468697320746869732074686973207468697320746869732e3c2f703e0d0a3c703e54686973207468697320746869732074686973207468697320746869732074686973207468697320746869732074686973207468697320746869732074686973207468697320746869732074686973207468697320746869732e3c2f703e0d0a3c703e54686973207468697320746869732074686973207468697320746869732074686973207468697320746869732074686973207468697320746869732074686973207468697320746869732074686973207468697320746869732e3c2f703e0d0a3c703e54686973207468697320746869732074686973207468697320746869732074686973207468697320746869732074686973207468697320746869732074686973207468697320746869732074686973207468697320746869732e3c2f703e0d0a3c703e54686973207468697320746869732074686973207468697320746869732074686973207468697320746869732074686973207468697320746869732074686973207468697320746869732074686973207468697320746869732e3c2f703e0d0a3c703e54686973207468697320746869732074686973207468697320746869732074686973207468697320746869732074686973207468697320746869732074686973207468697320746869732074686973207468697320746869732e3c2f703e0d0a3c703e54686973207468697320746869732074686973207468697320746869732074686973207468697320746869732074686973207468697320746869732074686973207468697320746869732074686973207468697320746869732e3c2f703e0d0a3c703e54686973207468697320746869732074686973207468697320746869732074686973207468697320746869732074686973207468697320746869732074686973207468697320746869732074686973207468697320746869732e3c2f703e0d0a3c703e54686973207468697320746869732074686973207468697320746869732074686973207468697320746869732074686973207468697320746869732074686973207468697320746869732074686973207468697320746869732e3c2f703e0d0a3c703e54686973207468697320746869732074686973207468697320746869732074686973207468697320746869732074686973207468697320746869732074686973207468697320746869732074686973207468697320746869732e3c2f703e0d0a3c703e54686973207468697320746869732074686973207468697320746869732074686973207468697320746869732074686973207468697320746869732074686973207468697320746869732074686973207468697320746869732e3c2f703e0d0a, 0x3c703e54686520646561646c696e6520666f72207375626d697373696f6e206f66207468697320776f726b20697320696e636c7564656420696e20746865207363686f6f6c207375626d697373696f6e20646174657320666f72206173736573736d656e74732c20617661696c61626c65206f6e20426c61636b626f6172642e3c2f703e0d0a0d0a3c703e596f75206d757374206d616b6520616e20656c656374726f6e6963207375626d697373696f6e206f6620796f757220776f726b206279207573696e6720746865206173736573736d656e74206c696e6b206f6e20426c61636b626f61726420666f72207468697320636f6d706f6e656e742e20596f7572207265706f72742073686f756c64206265207375626d697474656420696e202e70646620666f726d61742e20496620796f75206861766520616e79207175657374696f6e732061626f757420746865207375626d697373696f6e2c20706c6561736520636f6e7461637420746865206d6f64756c6520636f6f7264696e61746f7220666f7220636c6172696669636174696f6e2e3c2f703e0d0a0d0a3c703e3c7374726f6e673e444f204e4f543c2f7374726f6e673e20696e636c7564652074686973206272696566696e6720646f63756d656e74207769746820796f7572207375626d697373696f6e2e3c2f703e, 'superceded'),
(9, '2013-01-15 16:18:41', '2013-01-16 09:42:08', 7, 0x617773656472666768, 0x7161776572666768, 0x3c703e54686520646561646c696e6520666f72207375626d697373696f6e206f66207468697320776f726b20697320696e636c7564656420696e20746865207363686f6f6c207375626d697373696f6e20646174657320666f72206173736573736d656e74732c20617661696c61626c65206f6e20426c61636b626f6172642e3c2f703e0d0a0d0a3c703e596f75206d757374206d616b6520616e20656c656374726f6e6963207375626d697373696f6e206f6620796f757220776f726b206279207573696e6720746865206173736573736d656e74206c696e6b206f6e20426c61636b626f61726420666f72207468697320636f6d706f6e656e742e20596f7572207265706f72742073686f756c64206265207375626d697474656420696e202e70646620666f726d61742e20496620796f75206861766520616e79207175657374696f6e732061626f757420746865207375626d697373696f6e2c20706c6561736520636f6e7461637420746865206d6f64756c6520636f6f7264696e61746f7220666f7220636c6172696669636174696f6e2e3c2f703e0d0a0d0a3c703e3c7374726f6e673e444f204e4f543c2f7374726f6e673e20696e636c7564652074686973206272696566696e6720646f63756d656e74207769746820796f7572207375626d697373696f6e2e3c2f703e, 'superceded'),
(10, '2013-01-15 16:46:32', '2013-01-17 07:51:51', 13, 0x476f6f6f6f6f6f6f64206576656e696e6721, 0x3c703e54686973207468697320746869732074686973207468697320746869732074686973207468697320746869732074686973207468697320746869732074686973207468697320746869732074686973207468697320746869732e3c2f703e0d0a3c703e54686973207468697320746869732074686973207468697320746869732074686973207468697320746869732074686973207468697320746869732074686973207468697320746869732074686973207468697320746869732e3c2f703e0d0a3c703e54686973207468697320746869732074686973207468697320746869732074686973207468697320746869732074686973207468697320746869732074686973207468697320746869732074686973207468697320746869732e3c2f703e0d0a3c703e54686973207468697320746869732074686973207468697320746869732074686973207468697320746869732074686973207468697320746869732074686973207468697320746869732074686973207468697320746869732e3c2f703e0d0a3c703e54686973207468697320746869732074686973207468697320746869732074686973207468697320746869732074686973207468697320746869732074686973207468697320746869732074686973207468697320746869732e3c2f703e0d0a3c703e54686973207468697320746869732074686973207468697320746869732074686973207468697320746869732074686973207468697320746869732074686973207468697320746869732074686973207468697320746869732e3c2f703e0d0a3c703e54686973207468697320746869732074686973207468697320746869732074686973207468697320746869732074686973207468697320746869732074686973207468697320746869732074686973207468697320746869732e3c2f703e0d0a3c703e54686973207468697320746869732074686973207468697320746869732074686973207468697320746869732074686973207468697320746869732074686973207468697320746869732074686973207468697320746869732e3c2f703e0d0a3c703e54686973207468697320746869732074686973207468697320746869732074686973207468697320746869732074686973207468697320746869732074686973207468697320746869732074686973207468697320746869732e3c2f703e0d0a3c703e54686973207468697320746869732074686973207468697320746869732074686973207468697320746869732074686973207468697320746869732074686973207468697320746869732074686973207468697320746869732e3c2f703e0d0a3c703e54686973207468697320746869732074686973207468697320746869732074686973207468697320746869732074686973207468697320746869732074686973207468697320746869732074686973207468697320746869732e3c2f703e0d0a, 0x3c703e54686520646561646c696e6520666f72207375626d697373696f6e206f66207468697320776f726b20697320696e636c7564656420696e20746865207363686f6f6c207375626d697373696f6e20646174657320666f72206173736573736d656e74732c20617661696c61626c65206f6e20426c61636b626f6172642e3c2f703e0d0a0d0a3c703e596f75206d757374206d616b6520616e20656c656374726f6e6963207375626d697373696f6e206f6620796f757220776f726b206279207573696e6720746865206173736573736d656e74206c696e6b206f6e20426c61636b626f61726420666f72207468697320636f6d706f6e656e742e20596f7572207265706f72742073686f756c64206265207375626d697474656420696e202e70646620666f726d61742e20496620796f75206861766520616e79207175657374696f6e732061626f757420746865207375626d697373696f6e2c20706c6561736520636f6e7461637420746865206d6f64756c6520636f6f7264696e61746f7220666f7220636c6172696669636174696f6e2e3c2f703e0d0a0d0a3c703e3c7374726f6e673e444f204e4f543c2f7374726f6e673e20696e636c7564652074686973206272696566696e6720646f63756d656e74207769746820796f7572207375626d697373696f6e2e3c2f703e, 'superceded'),
(11, '2013-01-16 09:42:08', NULL, 7, 0x617773656472666768, 0x7161776572666768, 0x3c703e54686520646561646c696e6520666f72207375626d697373696f6e206f66207468697320776f726b20697320696e636c7564656420696e20746865207363686f6f6c207375626d697373696f6e20646174657320666f72206173736573736d656e74732c20617661696c61626c65206f6e20426c61636b626f6172642e3c2f703e0d0a0d0a3c703e596f75206d757374206d616b6520616e20656c656374726f6e6963207375626d697373696f6e206f6620796f757220776f726b206279207573696e6720746865206173736573736d656e74206c696e6b206f6e20426c61636b626f61726420666f72207468697320636f6d706f6e656e742e20596f7572207265706f72742073686f756c64206265207375626d697474656420696e202e70646620666f726d61742e20496620796f75206861766520616e79207175657374696f6e732061626f757420746865207375626d697373696f6e2c20706c6561736520636f6e7461637420746865206d6f64756c6520636f6f7264696e61746f7220666f7220636c6172696669636174696f6e2e3c2f703e0d0a0d0a3c703e3c7374726f6e673e444f204e4f543c2f7374726f6e673e20696e636c7564652074686973206272696566696e6720646f63756d656e74207769746820796f7572207375626d697373696f6e2e3c2f703e, 'complete'),
(12, '2013-01-16 10:07:34', '2013-01-16 10:57:45', 1, 0x46697273742074657374, 0x54657374207465737420746573742e20576f6f7020776f6f7020746573742e, 0x3c703e54686520646561646c696e6520666f72207375626d697373696f6e206f66207468697320776f726b20697320696e636c7564656420696e20746865207363686f6f6c207375626d697373696f6e20646174657320666f72206173736573736d656e74732c20617661696c61626c65206f6e20426c61636b626f6172642e3c2f703e0d0a0d0a3c703e596f75206d757374206d616b6520616e20656c656374726f6e6963207375626d697373696f6e206f6620796f757220776f726b206279207573696e6720746865206173736573736d656e74206c696e6b206f6e20426c61636b626f61726420666f72207468697320636f6d706f6e656e742e20596f7572207265706f72742073686f756c64206265207375626d697474656420696e202e70646620666f726d61742e20496620796f75206861766520616e79207175657374696f6e732061626f757420746865207375626d697373696f6e2c20706c6561736520636f6e7461637420746865206d6f64756c6520636f6f7264696e61746f7220666f7220636c6172696669636174696f6e2e3c2f703e0d0a0d0a3c703e3c7374726f6e673e444f204e4f543c2f7374726f6e673e20696e636c7564652074686973206272696566696e6720646f63756d656e74207769746820796f7572207375626d697373696f6e2e3c2f703e, 'superceded'),
(13, '2013-01-16 10:37:39', '2013-01-16 10:57:45', 1, 0x46697273742074657374, 0x54657374207465737420746573742e20576f6f7020776f6f7020746573742e, 0x3c703e54686520646561646c696e6520666f72207375626d697373696f6e206f66207468697320776f726b20697320696e636c7564656420696e20746865207363686f6f6c207375626d697373696f6e20646174657320666f72206173736573736d656e74732c20617661696c61626c65206f6e20426c61636b626f6172642e3c2f703e0d0a0d0a3c703e596f75206d757374206d616b6520616e20656c656374726f6e6963207375626d697373696f6e206f6620796f757220776f726b206279207573696e6720746865206173736573736d656e74206c696e6b206f6e20426c61636b626f61726420666f72207468697320636f6d706f6e656e742e20596f7572207265706f72742073686f756c64206265207375626d697474656420696e202e70646620666f726d61742e20496620796f75206861766520616e79207175657374696f6e732061626f757420746865207375626d697373696f6e2c20706c6561736520636f6e7461637420746865206d6f64756c6520636f6f7264696e61746f7220666f7220636c6172696669636174696f6e2e3c2f703e0d0a0d0a3c703e3c7374726f6e673e444f204e4f543c2f7374726f6e673e20696e636c7564652074686973206272696566696e6720646f63756d656e74207769746820796f7572207375626d697373696f6e2e3c2f703e, 'superceded'),
(14, '2013-01-16 10:57:45', NULL, 1, 0x46697273742074657374, 0x54657374207465737420746573742e20576f6f7020776f6f7020746573742e, 0x3c703e54686520646561646c696e6520666f72207375626d697373696f6e206f66207468697320776f726b20697320696e636c7564656420696e20746865207363686f6f6c207375626d697373696f6e20646174657320666f72206173736573736d656e74732c20617661696c61626c65206f6e20426c61636b626f6172642e3c2f703e0d0a0d0a3c703e596f75206d757374206d616b6520616e20656c656374726f6e6963207375626d697373696f6e206f6620796f757220776f726b206279207573696e6720746865206173736573736d656e74206c696e6b206f6e20426c61636b626f61726420666f72207468697320636f6d706f6e656e742e20596f7572207265706f72742073686f756c64206265207375626d697474656420696e202e70646620666f726d61742e20496620796f75206861766520616e79207175657374696f6e732061626f757420746865207375626d697373696f6e2c20706c6561736520636f6e7461637420746865206d6f64756c6520636f6f7264696e61746f7220666f7220636c6172696669636174696f6e2e3c2f703e0d0a0d0a3c703e3c7374726f6e673e444f204e4f543c2f7374726f6e673e20696e636c7564652074686973206272696566696e6720646f63756d656e74207769746820796f7572207375626d697373696f6e2e3c2f703e, 'complete'),
(15, '2013-01-16 19:17:41', '2013-01-16 19:59:01', 2, 0x646667, 0x6764666766676466676466, 0x3c703e54686520646561646c696e6520666f72207375626d697373696f6e206f66207468697320776f726b20697320696e636c7564656420696e20746865207363686f6f6c207375626d697373696f6e20646174657320666f72206173736573736d656e74732c20617661696c61626c65206f6e20426c61636b626f6172642e3c2f703e0d0a0d0a3c703e596f75206d757374206d616b6520616e20656c656374726f6e6963207375626d697373696f6e206f6620796f757220776f726b206279207573696e6720746865206173736573736d656e74206c696e6b206f6e20426c61636b626f61726420666f72207468697320636f6d706f6e656e742e20596f7572207265706f72742073686f756c64206265207375626d697474656420696e202e70646620666f726d61742e20496620796f75206861766520616e79207175657374696f6e732061626f757420746865207375626d697373696f6e2c20706c6561736520636f6e7461637420746865206d6f64756c6520636f6f7264696e61746f7220666f7220636c6172696669636174696f6e2e3c2f703e0d0a0d0a3c703e3c7374726f6e673e444f204e4f543c2f7374726f6e673e20696e636c7564652074686973206272696566696e6720646f63756d656e74207769746820796f7572207375626d697373696f6e2e3c2f703e, 'superceded'),
(16, '2013-01-16 19:34:24', '2013-01-16 19:59:01', 2, 0x646667, 0x67646667666764666764667764656473, 0x3c703e54686520646561646c696e6520666f72207375626d697373696f6e206f66207468697320776f726b20697320696e636c7564656420696e20746865207363686f6f6c207375626d697373696f6e20646174657320666f72206173736573736d656e74732c20617661696c61626c65206f6e20426c61636b626f6172642e3c2f703e0d0a0d0a3c703e596f75206d757374206d616b6520616e20656c656374726f6e6963207375626d697373696f6e206f6620796f757220776f726b206279207573696e6720746865206173736573736d656e74206c696e6b206f6e20426c61636b626f61726420666f72207468697320636f6d706f6e656e742e20596f7572207265706f72742073686f756c64206265207375626d697474656420696e202e70646620666f726d61742e20496620796f75206861766520616e79207175657374696f6e732061626f757420746865207375626d697373696f6e2c20706c6561736520636f6e7461637420746865206d6f64756c6520636f6f7264696e61746f7220666f7220636c6172696669636174696f6e2e3c2f703e0d0a0d0a3c703e3c7374726f6e673e444f204e4f543c2f7374726f6e673e20696e636c7564652074686973206272696566696e6720646f63756d656e74207769746820796f7572207375626d697373696f6e2e3c2f703e, 'superceded'),
(17, '2013-01-16 19:40:56', '2013-01-16 19:59:01', 2, 0x646667, 0x676466676667646667646677646564730d0a0d0a6c616e6473636170653f3f3f, 0x3c703e54686520646561646c696e6520666f72207375626d697373696f6e206f66207468697320776f726b20697320696e636c7564656420696e20746865207363686f6f6c207375626d697373696f6e20646174657320666f72206173736573736d656e74732c20617661696c61626c65206f6e20426c61636b626f6172642e3c2f703e0d0a0d0a3c703e596f75206d757374206d616b6520616e20656c656374726f6e6963207375626d697373696f6e206f6620796f757220776f726b206279207573696e6720746865206173736573736d656e74206c696e6b206f6e20426c61636b626f61726420666f72207468697320636f6d706f6e656e742e20596f7572207265706f72742073686f756c64206265207375626d697474656420696e202e70646620666f726d61742e20496620796f75206861766520616e79207175657374696f6e732061626f757420746865207375626d697373696f6e2c20706c6561736520636f6e7461637420746865206d6f64756c6520636f6f7264696e61746f7220666f7220636c6172696669636174696f6e2e3c2f703e0d0a0d0a3c703e3c7374726f6e673e444f204e4f543c2f7374726f6e673e20696e636c7564652074686973206272696566696e6720646f63756d656e74207769746820796f7572207375626d697373696f6e2e3c2f703e, 'superceded'),
(18, '2013-01-16 19:43:35', '2013-01-16 19:59:01', 2, 0x646667, 0x676466676667646667646677646564730d0a0d0a6c616e6473636170653f3f3f0d0a66646c666b64736c3b666b6c3b73, 0x3c703e54686520646561646c696e6520666f72207375626d697373696f6e206f66207468697320776f726b20697320696e636c7564656420696e20746865207363686f6f6c207375626d697373696f6e20646174657320666f72206173736573736d656e74732c20617661696c61626c65206f6e20426c61636b626f6172642e3c2f703e0d0a0d0a3c703e596f75206d757374206d616b6520616e20656c656374726f6e6963207375626d697373696f6e206f6620796f757220776f726b206279207573696e6720746865206173736573736d656e74206c696e6b206f6e20426c61636b626f61726420666f72207468697320636f6d706f6e656e742e20596f7572207265706f72742073686f756c64206265207375626d697474656420696e202e70646620666f726d61742e20496620796f75206861766520616e79207175657374696f6e732061626f757420746865207375626d697373696f6e2c20706c6561736520636f6e7461637420746865206d6f64756c6520636f6f7264696e61746f7220666f7220636c6172696669636174696f6e2e3c2f703e0d0a0d0a3c703e3c7374726f6e673e444f204e4f543c2f7374726f6e673e20696e636c7564652074686973206272696566696e6720646f63756d656e74207769746820796f7572207375626d697373696f6e2e3c2f703e, 'superceded'),
(19, '2013-01-16 19:44:01', '2013-01-16 19:59:01', 2, 0x646667, 0x676466676667646667646677646564730d0a0d0a6c616e6473636170653f3f3f, 0x3c703e54686520646561646c696e6520666f72207375626d697373696f6e206f66207468697320776f726b20697320696e636c7564656420696e20746865207363686f6f6c207375626d697373696f6e20646174657320666f72206173736573736d656e74732c20617661696c61626c65206f6e20426c61636b626f6172642e3c2f703e0d0a0d0a3c703e596f75206d757374206d616b6520616e20656c656374726f6e6963207375626d697373696f6e206f6620796f757220776f726b206279207573696e6720746865206173736573736d656e74206c696e6b206f6e20426c61636b626f61726420666f72207468697320636f6d706f6e656e742e20596f7572207265706f72742073686f756c64206265207375626d697474656420696e202e70646620666f726d61742e20496620796f75206861766520616e79207175657374696f6e732061626f757420746865207375626d697373696f6e2c20706c6561736520636f6e7461637420746865206d6f64756c6520636f6f7264696e61746f7220666f7220636c6172696669636174696f6e2e3c2f703e0d0a0d0a3c703e3c7374726f6e673e444f204e4f543c2f7374726f6e673e20696e636c7564652074686973206272696566696e6720646f63756d656e74207769746820796f7572207375626d697373696f6e2e3c2f703e, 'superceded'),
(20, '2013-01-16 19:45:47', '2013-01-16 19:59:01', 2, 0x646667, 0x676466676667646667646677646564730d0a0d0a6c616e6473636170653f3f3f657765666577, 0x3c703e54686520646561646c696e6520666f72207375626d697373696f6e206f66207468697320776f726b20697320696e636c7564656420696e20746865207363686f6f6c207375626d697373696f6e20646174657320666f72206173736573736d656e74732c20617661696c61626c65206f6e20426c61636b626f6172642e3c2f703e0d0a0d0a3c703e596f75206d757374206d616b6520616e20656c656374726f6e6963207375626d697373696f6e206f6620796f757220776f726b206279207573696e6720746865206173736573736d656e74206c696e6b206f6e20426c61636b626f61726420666f72207468697320636f6d706f6e656e742e20596f7572207265706f72742073686f756c64206265207375626d697474656420696e202e70646620666f726d61742e20496620796f75206861766520616e79207175657374696f6e732061626f757420746865207375626d697373696f6e2c20706c6561736520636f6e7461637420746865206d6f64756c6520636f6f7264696e61746f7220666f7220636c6172696669636174696f6e2e3c2f703e0d0a0d0a3c703e3c7374726f6e673e444f204e4f543c2f7374726f6e673e20696e636c7564652074686973206272696566696e6720646f63756d656e74207769746820796f7572207375626d697373696f6e2e3c2f703e, 'superceded'),
(21, '2013-01-16 19:46:03', '2013-01-16 19:59:01', 2, 0x646667, 0x676466676667646667646677646564730d0a0d0a6c616e6473636170653f3f3f657765666577, 0x3c703e54686520646561646c696e6520666f72207375626d697373696f6e206f66207468697320776f726b20697320696e636c7564656420696e20746865207363686f6f6c207375626d697373696f6e20646174657320666f72206173736573736d656e74732c20617661696c61626c65206f6e20426c61636b626f6172642e3c2f703e0d0a0d0a3c703e596f75206d757374206d616b6520616e20656c656374726f6e6963207375626d697373696f6e206f6620796f757220776f726b206279207573696e6720746865206173736573736d656e74206c696e6b206f6e20426c61636b626f61726420666f72207468697320636f6d706f6e656e742e20596f7572207265706f72742073686f756c64206265207375626d697474656420696e202e70646620666f726d61742e20496620796f75206861766520616e79207175657374696f6e732061626f757420746865207375626d697373696f6e2c20706c6561736520636f6e7461637420746865206d6f64756c6520636f6f7264696e61746f7220666f7220636c6172696669636174696f6e2e3c2f703e0d0a0d0a3c703e3c7374726f6e673e444f204e4f543c2f7374726f6e673e20696e636c7564652074686973206272696566696e6720646f63756d656e74207769746820796f7572207375626d697373696f6e2e3c2f703e, 'superceded'),
(22, '2013-01-16 19:46:13', '2013-01-16 19:59:01', 2, 0x646667, 0x676466676667646667646677646564730d0a0d0a6c616e6473636170653f3f3f657765666577, 0x3c703e54686520646561646c696e6520666f72207375626d697373696f6e206f66207468697320776f726b20697320696e636c7564656420696e20746865207363686f6f6c207375626d697373696f6e20646174657320666f72206173736573736d656e74732c20617661696c61626c65206f6e20426c61636b626f6172642e3c2f703e0d0a0d0a3c703e596f75206d757374206d616b6520616e20656c656374726f6e6963207375626d697373696f6e206f6620796f757220776f726b206279207573696e6720746865206173736573736d656e74206c696e6b206f6e20426c61636b626f61726420666f72207468697320636f6d706f6e656e742e20596f7572207265706f72742073686f756c64206265207375626d697474656420696e202e70646620666f726d61742e20496620796f75206861766520616e79207175657374696f6e732061626f757420746865207375626d697373696f6e2c20706c6561736520636f6e7461637420746865206d6f64756c6520636f6f7264696e61746f7220666f7220636c6172696669636174696f6e2e3c2f703e0d0a0d0a3c703e3c7374726f6e673e444f204e4f543c2f7374726f6e673e20696e636c7564652074686973206272696566696e6720646f63756d656e74207769746820796f7572207375626d697373696f6e2e3c2f703e, 'superceded'),
(23, '2013-01-16 19:47:02', '2013-01-16 19:59:01', 2, 0x646667, 0x676466676667646667646677646564730d0a0d0a6c616e6473636170653f3f3f, 0x3c703e54686520646561646c696e6520666f72207375626d697373696f6e206f66207468697320776f726b20697320696e636c7564656420696e20746865207363686f6f6c207375626d697373696f6e20646174657320666f72206173736573736d656e74732c20617661696c61626c65206f6e20426c61636b626f6172642e3c2f703e0d0a0d0a3c703e596f75206d757374206d616b6520616e20656c656374726f6e6963207375626d697373696f6e206f6620796f757220776f726b206279207573696e6720746865206173736573736d656e74206c696e6b206f6e20426c61636b626f61726420666f72207468697320636f6d706f6e656e742e20596f7572207265706f72742073686f756c64206265207375626d697474656420696e202e70646620666f726d61742e20496620796f75206861766520616e79207175657374696f6e732061626f757420746865207375626d697373696f6e2c20706c6561736520636f6e7461637420746865206d6f64756c6520636f6f7264696e61746f7220666f7220636c6172696669636174696f6e2e3c2f703e0d0a0d0a3c703e3c7374726f6e673e444f204e4f543c2f7374726f6e673e20696e636c7564652074686973206272696566696e6720646f63756d656e74207769746820796f7572207375626d697373696f6e2e3c2f703e, 'superceded'),
(24, '2013-01-16 19:52:09', '2013-01-16 19:59:01', 2, 0x646667, 0x6764666766676466676466, 0x3c703e54686520646561646c696e6520666f72207375626d697373696f6e206f66207468697320776f726b20697320696e636c7564656420696e20746865207363686f6f6c207375626d697373696f6e20646174657320666f72206173736573736d656e74732c20617661696c61626c65206f6e20426c61636b626f6172642e3c2f703e0d0a0d0a3c703e596f75206d757374206d616b6520616e20656c656374726f6e6963207375626d697373696f6e206f6620796f757220776f726b206279207573696e6720746865206173736573736d656e74206c696e6b206f6e20426c61636b626f61726420666f72207468697320636f6d706f6e656e742e20596f7572207265706f72742073686f756c64206265207375626d697474656420696e202e70646620666f726d61742e20496620796f75206861766520616e79207175657374696f6e732061626f757420746865207375626d697373696f6e2c20706c6561736520636f6e7461637420746865206d6f64756c6520636f6f7264696e61746f7220666f7220636c6172696669636174696f6e2e3c2f703e0d0a0d0a3c703e3c7374726f6e673e444f204e4f543c2f7374726f6e673e20696e636c7564652074686973206272696566696e6720646f63756d656e74207769746820796f7572207375626d697373696f6e2e3c2f703e, 'superceded'),
(25, '2013-01-16 19:53:34', '2013-01-16 19:59:01', 2, 0x646667, 0x6764666766676466676466, 0x3c703e54686520646561646c696e6520666f72207375626d697373696f6e206f66207468697320776f726b20697320696e636c7564656420696e20746865207363686f6f6c207375626d697373696f6e20646174657320666f72206173736573736d656e74732c20617661696c61626c65206f6e20426c61636b626f6172642e3c2f703e0d0a0d0a3c703e596f75206d757374206d616b6520616e20656c656374726f6e6963207375626d697373696f6e206f6620796f757220776f726b206279207573696e6720746865206173736573736d656e74206c696e6b206f6e20426c61636b626f61726420666f72207468697320636f6d706f6e656e742e20596f7572207265706f72742073686f756c64206265207375626d697474656420696e202e70646620666f726d61742e20496620796f75206861766520616e79207175657374696f6e732061626f757420746865207375626d697373696f6e2c20706c6561736520636f6e7461637420746865206d6f64756c6520636f6f7264696e61746f7220666f7220636c6172696669636174696f6e2e3c2f703e0d0a0d0a3c703e3c7374726f6e673e444f204e4f543c2f7374726f6e673e20696e636c7564652074686973206272696566696e6720646f63756d656e74207769746820796f7572207375626d697373696f6e2e3c2f703e, 'superceded'),
(26, '2013-01-16 19:54:25', '2013-01-16 19:59:01', 2, 0x646667, 0x6764666766676466676466, 0x3c703e54686520646561646c696e6520666f72207375626d697373696f6e206f66207468697320776f726b20697320696e636c7564656420696e20746865207363686f6f6c207375626d697373696f6e20646174657320666f72206173736573736d656e74732c20617661696c61626c65206f6e20426c61636b626f6172642e3c2f703e0d0a0d0a3c703e596f75206d757374206d616b6520616e20656c656374726f6e6963207375626d697373696f6e206f6620796f757220776f726b206279207573696e6720746865206173736573736d656e74206c696e6b206f6e20426c61636b626f61726420666f72207468697320636f6d706f6e656e742e20596f7572207265706f72742073686f756c64206265207375626d697474656420696e202e70646620666f726d61742e20496620796f75206861766520616e79207175657374696f6e732061626f757420746865207375626d697373696f6e2c20706c6561736520636f6e7461637420746865206d6f64756c6520636f6f7264696e61746f7220666f7220636c6172696669636174696f6e2e3c2f703e0d0a0d0a3c703e3c7374726f6e673e444f204e4f543c2f7374726f6e673e20696e636c7564652074686973206272696566696e6720646f63756d656e74207769746820796f7572207375626d697373696f6e2e3c2f703e, 'superceded'),
(27, '2013-01-16 19:54:57', '2013-01-16 19:59:01', 2, 0x646667, 0x6764666766676466676466, 0x3c703e54686520646561646c696e6520666f72207375626d697373696f6e206f66207468697320776f726b20697320696e636c7564656420696e20746865207363686f6f6c207375626d697373696f6e20646174657320666f72206173736573736d656e74732c20617661696c61626c65206f6e20426c61636b626f6172642e3c2f703e0d0a0d0a3c703e596f75206d757374206d616b6520616e20656c656374726f6e6963207375626d697373696f6e206f6620796f757220776f726b206279207573696e6720746865206173736573736d656e74206c696e6b206f6e20426c61636b626f61726420666f72207468697320636f6d706f6e656e742e20596f7572207265706f72742073686f756c64206265207375626d697474656420696e202e70646620666f726d61742e20496620796f75206861766520616e79207175657374696f6e732061626f757420746865207375626d697373696f6e2c20706c6561736520636f6e7461637420746865206d6f64756c6520636f6f7264696e61746f7220666f7220636c6172696669636174696f6e2e3c2f703e0d0a0d0a3c703e3c7374726f6e673e444f204e4f543c2f7374726f6e673e20696e636c7564652074686973206272696566696e6720646f63756d656e74207769746820796f7572207375626d697373696f6e2e3c2f703e, 'superceded'),
(28, '2013-01-16 19:55:32', '2013-01-16 19:59:01', 2, 0x646667, 0x6764666766676466676466, 0x3c703e54686520646561646c696e6520666f72207375626d697373696f6e206f66207468697320776f726b20697320696e636c7564656420696e20746865207363686f6f6c207375626d697373696f6e20646174657320666f72206173736573736d656e74732c20617661696c61626c65206f6e20426c61636b626f6172642e3c2f703e0d0a0d0a3c703e596f75206d757374206d616b6520616e20656c656374726f6e6963207375626d697373696f6e206f6620796f757220776f726b206279207573696e6720746865206173736573736d656e74206c696e6b206f6e20426c61636b626f61726420666f72207468697320636f6d706f6e656e742e20596f7572207265706f72742073686f756c64206265207375626d697474656420696e202e70646620666f726d61742e20496620796f75206861766520616e79207175657374696f6e732061626f757420746865207375626d697373696f6e2c20706c6561736520636f6e7461637420746865206d6f64756c6520636f6f7264696e61746f7220666f7220636c6172696669636174696f6e2e3c2f703e0d0a0d0a3c703e3c7374726f6e673e444f204e4f543c2f7374726f6e673e20696e636c7564652074686973206272696566696e6720646f63756d656e74207769746820796f7572207375626d697373696f6e2e3c2f703e, 'superceded'),
(29, '2013-01-16 19:58:35', '2013-01-16 19:59:01', 2, 0x646667, 0x6764666766676466676466, 0x3c703e54686520646561646c696e6520666f72207375626d697373696f6e206f66207468697320776f726b20697320696e636c7564656420696e20746865207363686f6f6c207375626d697373696f6e20646174657320666f72206173736573736d656e74732c20617661696c61626c65206f6e20426c61636b626f6172642e3c2f703e0d0a0d0a3c703e596f75206d757374206d616b6520616e20656c656374726f6e6963207375626d697373696f6e206f6620796f757220776f726b206279207573696e6720746865206173736573736d656e74206c696e6b206f6e20426c61636b626f61726420666f72207468697320636f6d706f6e656e742e20596f7572207265706f72742073686f756c64206265207375626d697474656420696e202e70646620666f726d61742e20496620796f75206861766520616e79207175657374696f6e732061626f757420746865207375626d697373696f6e2c20706c6561736520636f6e7461637420746865206d6f64756c6520636f6f7264696e61746f7220666f7220636c6172696669636174696f6e2e3c2f703e0d0a0d0a3c703e3c7374726f6e673e444f204e4f543c2f7374726f6e673e20696e636c7564652074686973206272696566696e6720646f63756d656e74207769746820796f7572207375626d697373696f6e2e3c2f703e, 'superceded'),
(30, '2013-01-16 19:59:01', NULL, 2, 0x646667, 0x67646667666764666764666f6b6577666b, 0x3c703e54686520646561646c696e6520666f72207375626d697373696f6e206f66207468697320776f726b20697320696e636c7564656420696e20746865207363686f6f6c207375626d697373696f6e20646174657320666f72206173736573736d656e74732c20617661696c61626c65206f6e20426c61636b626f6172642e3c2f703e0d0a0d0a3c703e596f75206d757374206d616b6520616e20656c656374726f6e6963207375626d697373696f6e206f6620796f757220776f726b206279207573696e6720746865206173736573736d656e74206c696e6b206f6e20426c61636b626f61726420666f72207468697320636f6d706f6e656e742e20596f7572207265706f72742073686f756c64206265207375626d697474656420696e202e70646620666f726d61742e20496620796f75206861766520616e79207175657374696f6e732061626f757420746865207375626d697373696f6e2c20706c6561736520636f6e7461637420746865206d6f64756c6520636f6f7264696e61746f7220666f7220636c6172696669636174696f6e2e3c2f703e0d0a0d0a3c703e3c7374726f6e673e444f204e4f543c2f7374726f6e673e20696e636c7564652074686973206272696566696e6720646f63756d656e74207769746820796f7572207375626d697373696f6e2e3c2f703e, 'complete'),
(31, '2013-01-17 07:48:39', '2013-01-17 07:49:43', 16, 0x54686973206973206120746573742061737369676e6d656e74207469746c65, 0x714157455447525948524a524752474b4f0d0a4545524745520d0a470d0a52470d0a45520d0a474a45524f4c474a455442460d0a4a564a46424b0d0a4446424a4447424b4447424a0d0a4b4447424a470d0a424a47424b4a0d0a0d0a0d0a3c703e474a52474b474a464b4c474a44464b4c474a44464c4b3c2f703e0d0a0d0a3c6f6c3e0d0a3c6c693e746573743c2f6c693e3c2f6f6c3e0d0a0d0a68690d0a0d0a0d0a3c7374726f6e673e424f4c443c2f7374726f6e673e0d0a, 0x3c703e54686520646561646c696e6520666f72207375626d697373696f6e206f66207468697320776f726b20697320696e636c7564656420696e20746865207363686f6f6c207375626d697373696f6e20646174657320666f72206173736573736d656e74732c20617661696c61626c65206f6e20426c61636b626f6172642e3c2f703e0d0a0d0a3c703e596f75206d757374206d616b6520616e20656c656374726f6e6963207375626d697373696f6e206f6620796f757220776f726b206279207573696e6720746865206173736573736d656e74206c696e6b206f6e20426c61636b626f61726420666f72207468697320636f6d706f6e656e742e20596f7572207265706f72742073686f756c64206265207375626d697474656420696e202e70646620666f726d61742e20496620796f75206861766520616e79207175657374696f6e732061626f757420746865207375626d697373696f6e2c20706c6561736520636f6e7461637420746865206d6f64756c6520636f6f7264696e61746f7220666f7220636c6172696669636174696f6e2e3c2f703e0d0a0d0a3c703e3c7374726f6e673e444f204e4f543c2f7374726f6e673e20696e636c7564652074686973206272696566696e6720646f63756d656e74207769746820796f7572207375626d697373696f6e2e3c2f703e, 'superceded'),
(32, '2013-01-17 07:49:43', NULL, 16, 0x54686973206973206120746573742061737369676e6d656e74207469746c65, 0x714157455447525948524a524752474b4f0d0a4545524745520d0a470d0a52470d0a45520d0a474a45524f4c474a455442460d0a4a564a46424b0d0a4446424a4447424b4447424a0d0a4b4447424a470d0a424a47424b4a0d0a0d0a0d0a3c703e474a52474b474a464b4c474a44464b4c474a44464c4b3c2f703e0d0a0d0a3c6f6c3e0d0a3c6c693e746573743c2f6c693e3c2f6f6c3e0d0a0d0a68690d0a0d0a0d0a3c7374726f6e673e424f4c443c2f7374726f6e673e0d0a, 0x3c703e54686520646561646c696e6520666f72207375626d697373696f6e206f66207468697320776f726b20697320696e636c7564656420696e20746865207363686f6f6c207375626d697373696f6e20646174657320666f72206173736573736d656e74732c20617661696c61626c65206f6e20426c61636b626f6172642e3c2f703e0d0a0d0a3c703e596f75206d757374206d616b6520616e20656c656374726f6e6963207375626d697373696f6e206f6620796f757220776f726b206279207573696e6720746865206173736573736d656e74206c696e6b206f6e20426c61636b626f61726420666f72207468697320636f6d706f6e656e742e20596f7572207265706f72742073686f756c64206265207375626d697474656420696e202e70646620666f726d61742e20496620796f75206861766520616e79207175657374696f6e732061626f757420746865207375626d697373696f6e2c20706c6561736520636f6e7461637420746865206d6f64756c6520636f6f7264696e61746f7220666f7220636c6172696669636174696f6e2e3c2f703e0d0a0d0a3c703e3c7374726f6e673e444f204e4f543c2f7374726f6e673e20696e636c7564652074686973206272696566696e6720646f63756d656e74207769746820796f7572207375626d697373696f6e2e3c2f703e, 'complete'),
(33, '2013-01-17 07:51:51', NULL, 13, 0x476f6f6f6f6f6f6f64206576656e696e6721, 0x3c703e54686973207468697320746869732074686973207468697320746869732074686973207468697320746869732074686973207468697320746869732074686973207468697320746869732074686973207468697320746869732e3c2f703e0d0a3c703e54686973207468697320746869732074686973207468697320746869732074686973207468697320746869732074686973207468697320746869732074686973207468697320746869732074686973207468697320746869732e3c2f703e0d0a3c703e54686973207468697320746869732074686973207468697320746869732074686973207468697320746869732074686973207468697320746869732074686973207468697320746869732074686973207468697320746869732e3c2f703e0d0a3c703e54686973207468697320746869732074686973207468697320746869732074686973207468697320746869732074686973207468697320746869732074686973207468697320746869732074686973207468697320746869732e3c2f703e0d0a3c703e54686973207468697320746869732074686973207468697320746869732074686973207468697320746869732074686973207468697320746869732074686973207468697320746869732074686973207468697320746869732e3c2f703e0d0a3c703e54686973207468697320746869732074686973207468697320746869732074686973207468697320746869732074686973207468697320746869732074686973207468697320746869732074686973207468697320746869732e3c2f703e0d0a3c703e54686973207468697320746869732074686973207468697320746869732074686973207468697320746869732074686973207468697320746869732074686973207468697320746869732074686973207468697320746869732e3c2f703e0d0a3c703e54686973207468697320746869732074686973207468697320746869732074686973207468697320746869732074686973207468697320746869732074686973207468697320746869732074686973207468697320746869732e3c2f703e0d0a3c703e54686973207468697320746869732074686973207468697320746869732074686973207468697320746869732074686973207468697320746869732074686973207468697320746869732074686973207468697320746869732e3c2f703e0d0a3c703e54686973207468697320746869732074686973207468697320746869732074686973207468697320746869732074686973207468697320746869732074686973207468697320746869732074686973207468697320746869732e3c2f703e0d0a3c703e54686973207468697320746869732074686973207468697320746869732074686973207468697320746869732074686973207468697320746869732074686973207468697320746869732074686973207468697320746869732e3c2f703e0d0a, 0x3c703e54686520646561646c696e6520666f72207375626d697373696f6e206f66207468697320776f726b20697320696e636c7564656420696e20746865207363686f6f6c207375626d697373696f6e20646174657320666f72206173736573736d656e74732c20617661696c61626c65206f6e20426c61636b626f6172642e3c2f703e0d0a0d0a3c703e596f75206d757374206d616b6520616e20656c656374726f6e6963207375626d697373696f6e206f6620796f757220776f726b206279207573696e6720746865206173736573736d656e74206c696e6b206f6e20426c61636b626f61726420666f72207468697320636f6d706f6e656e742e20596f7572207265706f72742073686f756c64206265207375626d697474656420696e202e70646620666f726d61742e20496620796f75206861766520616e79207175657374696f6e732061626f757420746865207375626d697373696f6e2c20706c6561736520636f6e7461637420746865206d6f64756c6520636f6f7264696e61746f7220666f7220636c6172696669636174696f6e2e3c2f703e0d0a0d0a3c703e3c7374726f6e673e444f204e4f543c2f7374726f6e673e20696e636c7564652074686973206272696566696e6720646f63756d656e74207769746820796f7572207375626d697373696f6e2e3c2f703e, 'complete'),
(34, '2013-01-17 07:54:25', NULL, 11, 0x74657374, 0x746573742020202020, 0x3c703e54686520646561646c696e6520666f72207375626d697373696f6e206f66207468697320776f726b20697320696e636c7564656420696e20746865207363686f6f6c207375626d697373696f6e20646174657320666f72206173736573736d656e74732c20617661696c61626c65206f6e20426c61636b626f6172642e3c2f703e0d0a0d0a3c703e596f75206d757374206d616b6520616e20656c656374726f6e6963207375626d697373696f6e206f6620796f757220776f726b206279207573696e6720746865206173736573736d656e74206c696e6b206f6e20426c61636b626f61726420666f72207468697320636f6d706f6e656e742e20596f7572207265706f72742073686f756c64206265207375626d697474656420696e202e70646620666f726d61742e20496620796f75206861766520616e79207175657374696f6e732061626f757420746865207375626d697373696f6e2c20706c6561736520636f6e7461637420746865206d6f64756c6520636f6f7264696e61746f7220666f7220636c6172696669636174696f6e2e3c2f703e0d0a0d0a3c703e3c7374726f6e673e444f204e4f543c2f7374726f6e673e20696e636c7564652074686973206272696566696e6720646f63756d656e74207769746820796f7572207375626d697373696f6e2e3c2f703e, 'complete');

-- --------------------------------------------------------

--
-- Table structure for table `assessment_document_files`
--

CREATE TABLE IF NOT EXISTS `assessment_document_files` (
  `id` int(11) unsigned NOT NULL AUTO_INCREMENT,
  `created` datetime NOT NULL,
  `assignment_id` int(10) unsigned DEFAULT NULL,
  `file` text COLLATE utf8_bin,
  PRIMARY KEY (`id`),
  KEY `assessment_instance_document_id` (`assignment_id`)
) ENGINE=InnoDB  DEFAULT CHARSET=utf8 COLLATE=utf8_bin AUTO_INCREMENT=17 ;

--
-- Dumping data for table `assessment_document_files`
--

INSERT INTO `assessment_document_files` (`id`, `created`, `assignment_id`, `file`) VALUES
(1, '2013-01-15 15:22:03', 3, 0x335f313335383236333332332e706466),
(2, '2013-01-15 15:32:37', 4, 0x345f313335383236333935362e706466),
(3, '2013-01-15 15:54:40', 5, 0x355f313335383236353238302e706466),
(4, '2013-01-15 15:55:12', 6, 0x365f313335383236353331312e706466),
(5, '2013-01-15 16:18:42', 9, 0x395f313335383236363732312e706466),
(6, '2013-01-16 09:42:09', 11, 0x31315f313335383332393332382e706466),
(7, '2013-01-16 10:07:36', 12, 0x31325f313335383333303835352e706466),
(8, '2013-01-16 10:57:47', 14, 0x31345f313335383333333836372e706466),
(9, '2013-01-16 19:17:43', 15, 0x31355f313335383336333836322e706466),
(10, '2013-01-16 19:34:26', 16, 0x31365f313335383336343836352e706466),
(11, '2013-01-16 19:40:58', 17, 0x31375f313335383336353235372e706466),
(12, '2013-01-16 19:53:36', 25, 0x32355f313335383336363031352e706466),
(13, '2013-01-16 19:55:00', 27, 0x32375f313335383336363039382e706466),
(14, '2013-01-16 19:58:39', 29, 0x32395f313335383336363331362e706466),
(15, '2013-01-16 19:59:05', 30, 0x33305f313335383336363334322e706466),
(16, '2013-01-17 07:54:27', 34, 0x33345f313335383430393236352e706466);

-- --------------------------------------------------------

--
-- Table structure for table `assessment_learning_outcomes`
--

CREATE TABLE IF NOT EXISTS `assessment_learning_outcomes` (
  `id` int(11) unsigned NOT NULL AUTO_INCREMENT,
  `assessment_id` int(10) unsigned NOT NULL,
  `learning_outcome_id` int(10) unsigned NOT NULL,
  PRIMARY KEY (`id`),
  KEY `assessment_instance_id` (`assessment_id`)
) ENGINE=InnoDB DEFAULT CHARSET=utf8 COLLATE=utf8_bin AUTO_INCREMENT=1 ;

-- --------------------------------------------------------

--
-- Table structure for table `criterion_grid_files`
--

CREATE TABLE IF NOT EXISTS `criterion_grid_files` (
  `id` int(11) unsigned NOT NULL AUTO_INCREMENT,
  `created` datetime NOT NULL,
  `criterion_grid_id` int(10) unsigned NOT NULL,
  `file` text NOT NULL,
  PRIMARY KEY (`id`),
  KEY `criterion_grid_id` (`criterion_grid_id`)
) ENGINE=InnoDB DEFAULT CHARSET=latin1 AUTO_INCREMENT=1 ;

-- --------------------------------------------------------

--
-- Table structure for table `criterion_grid_rows`
--

CREATE TABLE IF NOT EXISTS `criterion_grid_rows` (
  `id` int(11) unsigned NOT NULL AUTO_INCREMENT,
  `criterion_reference_grid_id` int(11) unsigned NOT NULL,
  `criterion_description` varchar(255) CHARACTER SET utf8 COLLATE utf8_bin DEFAULT NULL,
  `row_weight` float DEFAULT NULL,
  `fail` varchar(255) CHARACTER SET utf8 COLLATE utf8_bin DEFAULT NULL,
  `third` varchar(255) CHARACTER SET utf8 COLLATE utf8_bin DEFAULT NULL,
  `lower_second` varchar(255) CHARACTER SET utf8 COLLATE utf8_bin DEFAULT NULL,
  `upper_second` varchar(255) CHARACTER SET utf8 COLLATE utf8_bin DEFAULT NULL,
  `lower_first` varchar(255) CHARACTER SET utf8 COLLATE utf8_bin DEFAULT NULL,
  `upper_first` varchar(255) CHARACTER SET utf8 COLLATE utf8_bin DEFAULT NULL,
  PRIMARY KEY (`id`),
  KEY `criterion_reference_grid_id` (`criterion_reference_grid_id`)
) ENGINE=InnoDB  DEFAULT CHARSET=latin1 AUTO_INCREMENT=14 ;

--
-- Dumping data for table `criterion_grid_rows`
--

INSERT INTO `criterion_grid_rows` (`id`, `criterion_reference_grid_id`, `criterion_description`, `row_weight`, `fail`, `third`, `lower_second`, `upper_second`, `lower_first`, `upper_first`) VALUES
(7, 3, 'This is a description', 23.12, 'This is a fail criteria', 'Third criteria', 'Lower second criteria', 'Upper second criteria', 'First', 'Upper first criteria'),
(8, 3, 'Eggs', 40, 'Bacon', 'Eggs', 'Bacon', 'Eggs', 'Bacon', 'Eggs'),
(9, 3, '1', 1, '1', '1', '1', '1', '1', '1'),
(10, 3, '2', 3, '4', '5', '6', '7', '8', '9'),
(11, 4, 'Do a funny dance', 100, 'Can''t dance', 'Won''t dance', 'Shouldn''t dance', 'Doesn''t fall over', 'Can dance', 'Does A Twirl'),
(12, 6, 'Test', 100, 'Test', 'Test', 'Test', 'Test', 'Test', 'Test'),
(13, 6, 'Criterion Two', 100, 'Two', 'Two', 'Two', 'Two', 'Two', 'Two');

-- --------------------------------------------------------

--
-- Table structure for table `criterion_reference_grids`
--

CREATE TABLE IF NOT EXISTS `criterion_reference_grids` (
  `id` int(11) unsigned NOT NULL AUTO_INCREMENT,
  `created` datetime NOT NULL,
  `updated` datetime DEFAULT NULL,
  `assignment_id` int(10) unsigned NOT NULL,
  PRIMARY KEY (`id`),
  KEY `assessment_instance_id` (`assignment_id`)
) ENGINE=InnoDB  DEFAULT CHARSET=latin1 AUTO_INCREMENT=7 ;

--
-- Dumping data for table `criterion_reference_grids`
--

INSERT INTO `criterion_reference_grids` (`id`, `created`, `updated`, `assignment_id`) VALUES
(1, '2013-01-16 12:12:31', NULL, 0),
(2, '2013-01-16 13:06:15', NULL, 0),
(3, '2013-01-16 13:08:20', NULL, 8),
(4, '2013-01-17 07:55:11', NULL, 16),
(5, '2013-01-17 07:57:28', NULL, 4),
(6, '2013-01-17 08:31:55', NULL, 14);

-- --------------------------------------------------------

--
-- Table structure for table `criterion_reference_grid_row_learning_outcomes`
--

CREATE TABLE IF NOT EXISTS `criterion_reference_grid_row_learning_outcomes` (
  `id` int(11) unsigned NOT NULL AUTO_INCREMENT,
  `criterion_grid_id` int(10) unsigned NOT NULL,
  `criterion_grid_row_id` int(10) unsigned NOT NULL,
  `learning_outcome_id` int(10) unsigned NOT NULL,
  PRIMARY KEY (`id`),
  KEY `criterion_grid_row_id` (`criterion_grid_row_id`)
) ENGINE=InnoDB  DEFAULT CHARSET=latin1 AUTO_INCREMENT=25 ;

--
-- Dumping data for table `criterion_reference_grid_row_learning_outcomes`
--

INSERT INTO `criterion_reference_grid_row_learning_outcomes` (`id`, `criterion_grid_id`, `criterion_grid_row_id`, `learning_outcome_id`) VALUES
(6, 3, 7, 35),
(7, 3, 7, 37),
(8, 3, 8, 38),
(9, 3, 8, 39),
(10, 3, 9, 38),
(11, 3, 9, 40),
(12, 3, 9, 42),
(13, 3, 9, 36),
(14, 3, 10, 41),
(15, 4, 11, 1),
(16, 4, 11, 2),
(17, 4, 11, 3),
(18, 4, 11, 4),
(19, 4, 11, 5),
(20, 6, 12, 1),
(21, 6, 12, 2),
(22, 6, 13, 3),
(23, 6, 13, 4),
(24, 6, 13, 5);

-- --------------------------------------------------------

--
-- Table structure for table `settings`
--

CREATE TABLE IF NOT EXISTS `settings` (
  `id` int(11) unsigned NOT NULL AUTO_INCREMENT,
  `setting_name` varchar(255) CHARACTER SET utf8 COLLATE utf8_bin NOT NULL DEFAULT '',
  `setting_value` longtext CHARACTER SET utf8 COLLATE utf8_bin NOT NULL,
  PRIMARY KEY (`id`)
) ENGINE=InnoDB  DEFAULT CHARSET=latin1 AUTO_INCREMENT=2 ;

--
-- Dumping data for table `settings`
--

INSERT INTO `settings` (`id`, `setting_name`, `setting_value`) VALUES
(1, 'default_socs_guidelines', 0x3c703e54686520646561646c696e6520666f72207375626d697373696f6e206f66207468697320776f726b20697320696e636c7564656420696e20746865207363686f6f6c207375626d697373696f6e20646174657320666f72206173736573736d656e74732c20617661696c61626c65206f6e20426c61636b626f6172642e3c2f703e0d0a0d0a3c703e596f75206d757374206d616b6520616e20656c656374726f6e6963207375626d697373696f6e206f6620796f757220776f726b206279207573696e6720746865206173736573736d656e74206c696e6b206f6e20426c61636b626f61726420666f72207468697320636f6d706f6e656e742e20596f7572207265706f72742073686f756c64206265207375626d697474656420696e202e70646620666f726d61742e20496620796f75206861766520616e79207175657374696f6e732061626f757420746865207375626d697373696f6e2c20706c6561736520636f6e7461637420746865206d6f64756c6520636f6f7264696e61746f7220666f7220636c6172696669636174696f6e2e3c2f703e0d0a0d0a3c703e3c7374726f6e673e444f204e4f543c2f7374726f6e673e20696e636c7564652074686973206272696566696e6720646f63756d656e74207769746820796f7572207375626d697373696f6e2e3c2f703e);

-- --------------------------------------------------------

--
-- Table structure for table `users`
--

CREATE TABLE IF NOT EXISTS `users` (
  `id` int(11) unsigned NOT NULL AUTO_INCREMENT,
  `staff_id` varchar(10) CHARACTER SET utf8 COLLATE utf8_bin NOT NULL DEFAULT '',
  `title` varchar(15) CHARACTER SET utf8 COLLATE utf8_bin NOT NULL,
  `first_name` varchar(255) CHARACTER SET utf8 COLLATE utf8_bin NOT NULL DEFAULT '',
  `surname` varchar(255) CHARACTER SET utf8 COLLATE utf8_bin NOT NULL DEFAULT '',
  `token` varchar(255) CHARACTER SET utf8 COLLATE utf8_bin NOT NULL DEFAULT '',
  `email_address` varchar(255) CHARACTER SET utf8 COLLATE utf8_bin NOT NULL DEFAULT '',
  PRIMARY KEY (`id`)
) ENGINE=InnoDB  DEFAULT CHARSET=latin1 AUTO_INCREMENT=2 ;

--
-- Dumping data for table `users`
--

INSERT INTO `users` (`id`, `staff_id`, `title`, `first_name`, `surname`, `token`, `email_address`) VALUES
(1, '002944', 'Mr', 'Jamie', 'Mahoney', '12345678iyhfghd465yrtb th', 'jmahoney@lincoln.ac.uk');

-- --------------------------------------------------------

--
-- Table structure for table `users_modules`
--

CREATE TABLE IF NOT EXISTS `users_modules` (
  `id` int(11) unsigned NOT NULL AUTO_INCREMENT,
  `user_id` int(10) unsigned NOT NULL,
  `module_id` int(10) unsigned NOT NULL,
  PRIMARY KEY (`id`),
  KEY `user_id` (`user_id`)
) ENGINE=InnoDB DEFAULT CHARSET=latin1 AUTO_INCREMENT=1 ;

/*!40101 SET CHARACTER_SET_CLIENT=@OLD_CHARACTER_SET_CLIENT */;
/*!40101 SET CHARACTER_SET_RESULTS=@OLD_CHARACTER_SET_RESULTS */;
/*!40101 SET COLLATION_CONNECTION=@OLD_COLLATION_CONNECTION */;
